description,manufacturer,price
"Compatible with LeapFrog LeapPad 2, LeapPad Ultra, LeapPad 3 and LeapPad Platinum tablets; use math to rescue bunnies and deliver packages; play as 1 of the pups",LeapFrog,24.99
"Dolby Atmos, Dolby Digital and Dolby TrueHD surround sound decoders; multiroom capability; Bluetooth interface; 17 DSP modes
Learn more about smart products.",Yamaha,1199.98
2 Speeds; Quiet DC motor with reduced vibration;        Bayonet mechanism;        Stainless steel cutting blade;        Water-resistant speed switches,Sencor,29.99
"Soft Start electronic control; 7 speeds; DC motor; soft-grip handle; accessory ejector button; 62"" lockable, swiveling cord; dishwasher-safe parts; includes 2 stainless-steel Turbo Beater II accessories and pro whisk",KitchenAid,99.99
From our expanded online assortment; bodypack transmitter; True Diversity receiver; omnidirectional clip-on microphone; up to 250' wireless transmission range,Sennheiser,399.99
AQUARIUS KISS Lunch Box: Features KISS band members; side panel displays KISS Army fan club logo; tin construction,Aquarius,12.99
Supports most Intel&#174; and AMD processors; supports most NVIDIA and ATI/AMD graphics cards; dual +12V rails; cable management system,Thermaltake,49.99
"Only at Best Buy
Compatible with Samsung Galaxy S 5 cell phones; polycarbonate and TPU materials; snap-on design; play-through construction; raised bezel; paisley pattern",Nanette Lepore,4.99
SPEAKERCRAFT In-Wall Stereo Volume Control: Compatible with most standard single-gang junction boxes and plaster rings; connects the speaker-level output with a pair of speakers; 20Hz - 20kHz frequency response; impedance adjustment; 45W power rating,SpeakerCraft,49.99
"Compatible with Apple iPhone SE, 5s and 5; high-density Plextonium frame; radio-transparent material; carbon-fiber finish; ultralightweight, ultrathin design; includes a screen protector and video stand",Incipio,29.99
StickyGels technology; sound isolating; welded construction; sweat-resistant; swivel hinge; 3-button in-line remote with microphone; reflective markings and interwoven fabric,Skullcandy,49.99
900-joule rating; 6 outlets; 2 USB ports; indicator lights; wall-mount design,Belkin,24.99
Survive a landscape desolated by war,Namco Bandai Games,14.99
Solve a crime with the power of numbers,Playlogic International,4.99
"CAMBRIDGE Artisan Tile-Top Gas Fire Pit: Push button ignition; knob controls; 30,000 BTUs of heat; heats a 15' radius; concealed 20-lb. tank chamber; porcelain tile-top surface; sling fabric shroud; includes burner cover and lava rock coals",Cambridge,699.99
Visualize and create the home of your dreams,Punch Software,29.99
Up to 16x recording speed; 4.7GB storage capacity;  records up to 120 minutes of video; 25-pack,Dynexâ¢,9.99
Record and mix your own tracks with an array of virtual instruments and effects at your fingertips,Acoustica,49.99
Play your hand right and rack up the chips,Crave,4.99
"Compatible with most Olympus and Panasonic DSLR cameras; flash range up to 92' at ISO 100; 270&#176; swivel, bounce and zoom head; fast IGBT recycling circuitry; compact, lightweight design",Bower,59.99
Compatible with select Sony digital cameras; 3.6V; 1240 mAh,Lenmar,19.99
"HP 823A High-Yield Toner Cartridge: Compatible with select HP Color LaserJet printer models; black toner; ColorSphere toner; yields an average of 16,500 pages; smart resolution technology",HP,231.99
INCIPIO DualPro Case for Apple iPhone 6 and iPhone 6s: Compatible with Apple iPhone 6 and iPhone 6s; impact-resistant Plextonium polycarbonate frame; shock-absorbing dLAST TPE inner core; soft-touch finish,Incipio,29.99
INCIPIO Feather Snap-On Case for Samsung Galaxy Note 3 NEO Cell Phones: Compatible with Samsung Galaxy Note 3 NEO cell phones; Plextonium material; sleek profile,Incipio,24.99
Tapered shot glass design; dishwasher-safe design; FDA-approved polypropylene construction; includes 4 standard shot glass molds,Epicureanist,19.99
"Recommended amplifier power: 10 - 150W; 8"" copolymer woofer; 1"" kortec tweeter",Boston Acoustics,299.99
"WOODROW Cleveland Browns Plastic Guitar Picks (10-Pack): Plastic construction; custom, 2-sided printing; 10-pack",Woodrow,9.99
"It's not just who you kill, but how you kill",Eidos Interactive,9.99
Compatible with Dell XPS 1530 and M1530 laptops; 11.1V; 7200 mAh capacity,Laptop Battery Pros,79.99
Compatible with most 11cm x 26cm camera lenses; nylon and polyester materials; foam padding; mesh lens cap pocket; built-in slip lock attachment tab,Lowepro,37.99
2 solid-steel locking bolts; keypad with 2-digit PIN code retention; steel construction; antifishing baffles and jagged-edge teeth; predrilled hole on bottom and back,Barska,249.99
SIMIPLI HOME Dover Coffee Table Ottoman with Split Lid: Wood frame; polyester upholstery; polyester lining; interior storage; 2 lids; child safety hinge,Simpli Home,421.99
Compatible with Apple iPhone 6 and 6s; silicone material; shockproof; tear resistant; wear resistant,Incipio,34.99
SteelTouch digital controls; European convection technology; Sabbath mode,Bosch,3299.99
Compatible with Samsung Galaxy S6 cell phones; Impact-Isolation system; rubberized pads; internal suspension bumpers; 3300 mAh battery; up to 21 extra hours of talk time,mophie,99.99
Compatible with Apple iPhone 6 and 6s,Incipio,49.99
"Polyester, Faux Leather",Francine Collection,79.99
"Choose your side, and get ready for an all-new Fire Emblem chapter",Nintendo,29.99
BEM WIRELESS Range Freedom Over-the-Ear Wireless Headphones: Open Road Bluetooth interface; wireless range up to 40'; bidirectional noise reduction; 39.9mm dynamic drivers; ferrite magnets; metal and leather headband; swivel earcups,bem wireless,79.99
"REAL FLAME Kennedy Electric Fireplace: Heats rooms up to 625 sq. ft. with up to 5,100 BTUs of power; remote; 7 heat settings; programmable thermostat; adjustable flame brightness; timer; 1500W",Real Flame,1299.99
Connects an HDMI component to an HDTV or projector with an HDMI input; 3-layer cable shielding; 360&#176; metal connector shell; silver content soldering; 24K gold-plated contacts,Rocketfishâ¢,39.99
"1.0"" x 7.9"" x 9.3"" - Silver",Fellowes,14.99
BRENTWOOD Cake Pop Maker: Lets you make up to 12 cake pops or doughnut holes; nonstick coating; preheat and power indicator light; cord wrap; latching handle; includes recipes,Brentwood,25.99
SKECH Sugar Case for Apple iPhone 6: Compatible with Apple iPhone 6; two-piece hard shell; satin finish; interior microfiber lining; raised front screen rim; detachable bottom for dock port,Skech,29.99
Yields up to 817 pagesCompatible with select HP OfficeJet Pro printers,HP,17.99
USB 3.0 interface; internal shock sensor; ramp-loading technology; transfer rate up to 5 Gbps; 8MB cache buffer,Toshiba,79.99
Compatible with 1875W and lower single-voltage devices; converts 220/240V to 110/120V; 4 international plugs,Insigniaâ¢,39.99
"71.2"" x 9.1"" - Pocket(s)837 x CD, 531 x DVD, 630 x Blu-ray - 8 Compartment(s) - Wood - Silver, Black",Atlantic,99.99
Embark on a perilous quest through ancient China to fulfill your destiny,UFO Interactive,19.99
"Compatible with Focal Bird systems and select PC and Mac computers; wireless, lossless digital transmission",Focal,99.99
Compatible with most noncartridge-based 3D printers; Virgin resins and colorants; ABS material,3D Printlife,49.99
"One-touch brewing system; vertical heating element; easy-access brew basket; removable, top-load water tank; 18-oz. thermal mug; gold-tone filter",KitchenAid,99.99
Compatible with most digital cameras and camcorders with a 37mm filter thread; doubles the telephoto range of your camera's existing lens,Cokin,48.99
Fits most micro USB and USB ports; connects your phone or tablet to your computer or AC adapter; PVC jacket material; colorful cable,Dynexâ¢,4.99
Handles up to 1200W peak power (600W RMS); ported design; 2.5 cu. ft. carpet-covered MDF enclosure with rounded corners; foam surround; stamped-steel basket,Kicker,279.99
"1200W Maximum Cooking Power - Bake, Toast, Broil, Reheat - White",Black & Decker,44.99
Battle the night and every horrible threat that comes with it,WB Games,29.99
Be prepared for just about anything,Activision,49.99
"Simulated stone construction; easy assembly; 11""  fire bowl; easy to use",Blue Rhino,59.99
Use your PS/2 compatible mouse and keyboard as USB compatible device; supports two PS/2 devices; easy to install,Dynex,19.99
Manual thermostat control; slide-out wire shelf; full- and half-width door shelving; reversible door; recessed handle; half-width freezer; manual defrost; adjustable leveling legs,Westinghouse,149.99
NIKON SC-28 TTL Off-Camera Flash Remote Cord: Compatible with most Nikon DSLR cameras that use a TTL hot shoe; enables remote TTL control of Nikon Speedlights; 9' coiled cord,Nikon,81.0
"VTECH Safe&Sound Baby Monitor: 2.4GHz digital frequency band; up to 1000' range; 2"" color LCD; high-resolution 22 fps video; auto IR night vision; adjustable camera lens; temperature sensor; 2-way communication; volume control; indicator lights",VTech,99.99
"Compatible with most devices up to 4"" wide; one-touch arm expansion; 360&#176; rotation; folding support legs; powerful suction; compact design",Bracketron,31.49
Flexible blades; adjustable dual-sided trimmer; wet/dry capabilities; hypoallergenic foils; bikini trimmer guard; aloe vera conditioning strip,Remington,39.99
Can you deduce the truth and separate the lies?,Atlus,9.99
Four Games. One Bundle.,Microsoft,349.99
SENNHEISER Over-the-Ear Headphones: Transducer technology; sound isolating; neodymium magnets; in-line remote and microphone; optimized for Android devices,Sennheiser,89.99
Compatible with Apple iPhone 6 and 6s; Evutouch coating; wood and DuPont&#8482; KEVLAR&#174; fiber construction; shock-absorbent; scratch-resistant; nonslip grip,Evutec,34.99
"120V, 4-amp motor; combo carpet/floor tool; 4.5"" turbine driven revolving brush; upholstery nozzle; dust brush; crevice tool; 2 disposable bags",MetroVac,164.99
Accommodates up to 14 place settings; 6 cycles; 50 dBA operation; NSF Certified sanitization cycle; 2 wash options; delay-start; sound reduction package,Bosch,499.99
Compatible with DJI Phantom 3 Series Professional and Advanced quadcopters; 2.4GHz frequency; range up to 1.2 miles; control sticks; dedicated buttons; USB port; LED indicators,DJI,590.99
Take down a Mexican drug cartel in this modern-day Western shooter,Ubisoft,9.99
CALICO DESIGNS Arch Tower Computer Desk: Metal and composite wood materials; 2 upper shelves; lower shelf; slide-out keyboard shelf; 2 speaker shelves; 2 CD storage areas,Calico Designs,189.99
SIGMA 72mm Protector Filter: Compatible with lenses with a 72mm filter diameter; reduces ultraviolet light; resists dust; screws on; metal and glass construction,Sigma,60.0
"Snap-on brush head; contoured, angled, radial-trimmed, reminder bristles; sonic brushing motion",Philips Sonicare,29.99
1.35 kW - Freestanding,Real Flame,586.99
Construct your own unique path to rock stardom,WB Games,4.99
Electronic Touch screen controls; 6 drying programs; front loading type; powder coated drum,Whirlpool,849.99
Electronic controls; sabbath mode; precision cooking system; hidden bake element; 3.69kW max power consumption; porcelain interior coating; self-cleaning,Maytag,1349.99
"Compatible with Samsung Galaxy S 4; dual-layer construction; equipped with a self-adhesive screen protector; wallet drwaer; drop, dust and scratch protection",Otterbox,44.99
Embark on an epic journey across an infinite universe,Hello Games,79.99
"Get behind the wheel of your favorite car, and make sure to never drive alone",Ubisoft,29.99
"Only at Best Buy
Compatible with Apple iPhone 6 and 6s; polycarbonate shell; TPU interior; raised bezel, snap-on attachment; play-through design",Nanette Lepore,4.99
"D-LINK N300 Cloud 802.11g/n Router with 4-Port Switch: Up to 300 Mbps data transfer rates; WPA, WPA2 and WPS; QRS mobile app; mydlink Cloud management",D-Link,44.99
"THAMES & KOSMOS Scope Construction Kit: Lets you and your child build microscopes, telescopes, binoculars and spotting scopes to learn how lenses bend light and can be combined together to create magnified and clearer images; reconfigurable parts",Thames & Kosmos,59.99
Compatible with Epson Surecolor P400 printers,Epson,17.99
"Digital controls; spill-safe, cantilever glass shelves; humidity-controlled crisper; gallon door storage; LED lighting; thru-the-door dispenser; icemaker",Electrolux,3049.99
24-bit audio interface; 4-channel mixer; 3-band EQ; Pre-mapped FX controls; LED level controls; 1/4 microphone input;  XLR & RCA master outputs; 8 multi-function pads and 4 rotary controls per deck; quick hot-keys,Gemini,349.99
"1080p resolutionClear Action 240Smart TV, VIZIO Internet Apps Plus",VIZIO,699.99
Integrated Touch Controls; 5 temperature settings; stainless steel drum,Samsung,1099.99
Are you ready to shape your Destiny?,Activision,9.99
"From our expanded online assortment; 350W peak power (160W RMS); 10"" polypropylene woofer cone; adjustable crossover; Dolby Pro Logic and Dolby Digital/DTS inputs; gold-plated binding post terminals",BIC America,169.99
"9.6V motor; bagless dust cup; Cyclonic technology; 2-step, washable snap filter; 10"" cleaning path width; crevice tool and dusting brush",Electrolux,149.99
Windows 10Technical details: AMD A4-Series processor; 8GB memory; 1TB hard driveSpecial features: 3D-ready; dedicated graphics; built-in wireless networking; HDMI output,CybertronPC,399.99
"5 ms response time; 100,000,000:1 contrast ratio; 250 cd/m&#191; brightness; 1920 x 1080 resolution; 178&#191; horizontal and vertical viewing angles; DVI, HDMI, VGA inputs",Acer,160.99
"IC technology; 2 full-range speakers with 3"" polypropylene woofers; 3.5mm auxiliary input; rotary volume control",Boss,84.99
