CUSTOMER;FIRST_NAME;LAST_NAME;COUNTRY
1000000001;Fanny;Valle;MX
1000000002;Wei;Tsou;CN
1000000003;Premlata;Paramar;IN
1000000004;Lucille;Yale;US
1000000005;Leila;Barros;BR
1000000006;Wen;Tsui;CN
1000000007;Kyoumi;Yoshimoto;JP
1000000008;Leonor;Cardoso;BR
1000000009;Leticia;Carvalho;BR
1000000010;Xia;Ts'ui;CN
1000000011;Jonas;Fisher;DE
1000000012;Livia;Silva;BR
1000000013;Vaden;Garceau;FR
1000000014;Heloisa;Vallejo;MX
1000000015;Pradeep;Mishra;IN
1000000016;Xiu Juan;Tu;CN
1000000017;Machiko;Yoshino;JP
1000000018;Katsumi;Sakakihara;JP
1000000019;Katsushi;Sakamoto;JP
1000000020;Vail;Garreau;FR
1000000021;Nicholas;Espino;MX
1000000022;Valiant;Houle;FR
1000000023;Xiuxiu;Tuan;CN
1000000024;Prajit;Patal;IN
1000000025;Joerg;Fleischer;DE
1000000026;Xue;Tung;CN
1000000027;Guo;Tu;CN
1000000028;Luana;Sousa;BR
1000000029;Katsuto;Sakata;JP
1000000030;Luiza;Souza;BR
1000000031;Felipe;Castro;BR
1000000032;Roch;Hughes;FR
1000000033;Jose;Powell;US
1000000034;Gabriel;Cavalcanti;BR
1000000035;Sibyla;Querry;FR
1000000036;Joseph;Powers;US
1000000037;Randall;Esquivel;MX
1000000038;Guilherme;Correia;BR
1000000039;Avice;Quiron;FR
1000000040;Raul;Estevez;MX
1000000041;Juergen;Foerster;DE
1000000042;Kayuu;Sakei;JP
1000000043;Thiago;Feliciano;MX
1000000044;Joshua;Price;US
1000000045;Gustavo;Costa;BR
1000000046;Pratap;Khatoon;IN
1000000047;Aurelie;Racicot;FR
1000000048;Hortense;Thivierge;FR
1000000049;Kevin;Kappel;DE
1000000050;Kazuaki;Sakuma;JP
1000000051;Heloise;Trepanier;FR
1000000052;Juan;Qualls;US
1000000053;Marvel;Zayas;MX
1000000054;Karl;Sinegal;US
1000000055;Matilde;Lima;BR
1000000056;Melissa;Martins;BR
1000000057;Pravin;Mahato;IN
1000000058;Klaus;Krause;DE
1000000059;Shakti;Ansari;IN
1000000060;Keith;Sipes;US
1000000061;Tanja;Weisz;DE
1000000062;Ho;Tuan;CN
1000000063;Tracy;Moody;US
1000000064;Tricia;Moore;US
1000000065;Ulrike;Werfel;DE
1000000066;Carole;Trudeau;FR
1000000067;Shakuntala;Jadhav;IN
1000000068;Kazuharu;Samurakami;JP
1000000069;Hsin;Tung;CN
1000000070;Kazuhiro;Sangi;JP
1000000071;Hu;Wan;CN
1000000072;Hui;Wang;CN
1000000073;Fileas;Fernandez;MX
1000000074;Juliette;Turcotte;FR
1000000075;Nicole;Melo;BR
1000000076;Dorothee;Varieur;FR
1000000077;Meinard;Granados;MX
1000000078;Aleydis;Guardado;MX
1000000079;Clodoveo;Guerra;MX
1000000080;Shanta;Thakur;IN
1000000081;Vanessa;Morales;US
1000000082;Rafaela;Oliveira;BR
1000000083;Vera;Morin;US
1000000084;Kerman;Parmentier;FR
1000000085;Mendel;Guevara;MX
1000000086;Sunil;Singh ;IN
1000000087;Raissa;Pereira;BR
1000000088;Surya;Khan;IN
1000000089;Zdenek;Patenaude;FR
1000000090;Rebeca;Pinto;BR
1000000091;Ursula;Werner;DE
1000000092;Jian;Wei;CN
1000000093;Swaran;Mandal;IN
1000000094;Enya;Kishita;JP
1000000095;Carlos;Blum;US
1000000096;Joshua;Alvarado;MX
1000000097;Kim;Brito;MX
1000000098;Alex;Goncalves;BR
1000000099;Chung;Chuang;CN
1000000100;Etsuya;Kitajima;JP
1000000101;Asuna;Aoyagi;JP
1000000102;Arjun;Singh;IN
1000000103;Atsumi;Aoyama;JP
1000000104;Cong;Chung;CN
1000000105;Chad;Bonilla;US
1000000106;Dominic;Coulombe;FR
1000000107;Tristan;Courcelle;FR
1000000108;Kristine;Bueno;MX
1000000109;Ayako;Arakawa;JP
1000000110;Andre;Lima;BR
1000000111;Lena;Bustamante;MX
1000000112;De;Fan;CN
1000000113;Erik;Baecker;DE
1000000114;Jeoffroi;Courtemanche;FR
1000000115;Dewei;Fang;CN
1000000116;Baldev;Das;IN
1000000117;Fusayo;Hagiwara;JP
1000000118;Emily;Dias;BR
1000000119;Cynthia;Traylor;US
1000000120;Fuuka;Hakugi;JP
1000000121;Charles;Boone;US
1000000122;Charlie;Borrego;US
1000000123;Felix;Baer;DE
1000000124;Chris;Boyce;US
1000000125;Christopher;Dodson;US
1000000126;Mabel;Caballero;MX
1000000127;Hatsuko;Hamada;JP
1000000128;Claude;Doss;US
1000000129;Antônio;Martins;BR
1000000130;Hatsumi;Hamaguchi;JP
1000000131;Hatsune;Kato;JP
1000000132;Jewel;Aucoin;FR
1000000133;Balu;Kaur;IN
1000000134;Arthur;Melo;BR
1000000135;Clay;Doty;US
1000000136;Hatsuyo;Katou;JP
1000000137;Fukashi;Kunai;JP
1000000138;Hong;Lu;CN
1000000139;Hua;Lue;CN
1000000140;Clint;Doyle;US
1000000141;Clinton;Glenn;US
1000000142;Joanna;Austin;FR
1000000143;Kenneth;Alvarez;MX
1000000144;Huan;Lung;CN
1000000145;Julie;Authier;FR
1000000146;Fumihiko;Kurata;JP
1000000147;Kristian;Amador;MX
1000000148;Franziska;Bader;DE
1000000149;Clyde;Gonzalez;US
1000000150;Elnora;Spencer;US
1000000151;Gita;Devi;IN
1000000152;Gowri;Ram;IN
1000000153;Hari;Patil;IN
1000000154;Breno;Oliveira;BR
1000000155;Louise;Babin;FR
1000000156;Fumisato;Kurita;JP
1000000157;Elsie;Stacey;US
1000000158;Harinder;Prasad;IN
1000000159;Lucille;Brisette;FR
1000000160;Dong;Lai;CN
1000000161;Harish;Sahu;IN
1000000162;Gabriele;Baecker;DE
1000000163;Fumitake;Kurokawa;JP
1000000164;Janice;Vinton;US
1000000165;Heike;Baer;DE
1000000166;Ines;Baier;DE
1000000167;Bruno;Pereira;BR
1000000168;Jana;Eiffel;DE
1000000169;Lawrence;Borrego;MX
1000000170;Carlos;Pinto;BR
1000000171;Janina;Eisenberg;DE
1000000172;Magnolia;Brochu;FR
1000000173;Fleur;Brodeur;FR
1000000174;Fumito;Kurosawa;JP
1000000175;Fai;Lei;CN
1000000176;Lee;Botello;MX
1000000177;Lewis;Brito;MX
1000000178;Agathe;Gougeon;FR
1000000179;Feng;Li;CN
1000000180;Marc;Bueno;MX
1000000181;Glenn;Hallock;US
1000000182;Laure;Goulet;FR
1000000183;Fumiya;Maeda;JP
1000000184;Gang;Liang;CN
1000000185;Lalita;Yadav;IN
1000000186;Gregory;Hamer;US
1000000187;Raison;Grandpre;FR
1000000188;Zofia;Enriquez;MX
1000000189;Fusashi;Maekawa;JP
1000000190;Marisabel;Escalante;MX
1000000191;Marina;Engel;DE
1000000192;Centola;Espinal;MX
1000000193;Fuugo;Murakami;JP
1000000194;Isabelle;Rodrigues;BR
1000000195;Lata;Bibi;IN
1000000196;Guang;Liao;CN
1000000197;Huilen;Espino;MX
1000000198;Caua;Rocha;BR
1000000199;Martina;Propst;DE
1000000200;Jing;Ho;CN
1000000201;Guy;Hardin;US
1000000202;Hoshimi;Tani;JP
1000000203;Daniel;Rodrigues;BR
1000000204;Hal;Harp;US
1000000205;Pirra;Lerma;MX
1000000206;Hozumi;Taniguchi;JP
1000000207;Leela;Khatun;IN
1000000208;Melanie;Reinhard;DE
1000000209;Harold;Lassiter;US
1000000210;Ju;Hou;CN
1000000211;Hirohiko;Okumura;JP
1000000212;Juan;Hsia;CN
1000000213;Lan;Hsiao;CN
1000000214;Hiroki;Okuyama;JP
1000000215;Gallia;Laforge;FR
1000000216;Lila;Sharma;IN
1000000217;Madhu;Sah;IN
1000000218;Hiromu;Ono;JP
1000000219;Herodiade;Limon;MX
1000000220;Harry;Laurence;US
1000000221;Rosmira;Linares;MX
1000000222;Royce;Dostie;FR
1000000223;Lori;Wray;US
1000000224;Danilo;Santos;BR
1000000225;Lee;She;CN
1000000226;Ting;Shen;CN
1000000227;Diego;Silva;BR
1000000228;Anisia;Rivas;MX
1000000229;Hiroo;Onodera;JP
1000000230;Kumar;Gupta;IN
1000000231;Michelle;Theiss;DE
1000000232;Louise;Wright;US
1000000233;Hiroshi;Ooba;JP
1000000234;Paz;Rivera;MX
1000000235;Kurea;Tsukamoto;JP
1000000236;Henri;Douffet;FR
1000000237;Saville;Galarneau;FR
1000000238;Lakshmi;Ghosh;IN
1000000239;Kyoko;Tsuruta;JP
1000000240;Florian;Decker;DE
1000000241;Luci;Wyatt;US
1000000242;Lucie;Wyble;US
1000000243;Wan;Shih;CN
1000000244;Frank;Diederich;DE
1000000245;Kyouka;Uchiumi;JP
1000000246;Lal;Rani;IN
1000000247;Harcourt;Gamelin;FR
1000000248;Diogo;Sousa;BR
1000000249;Pratibha;Begam;IN
1000000250;Jens;Dietrich;DE
